{"stats":{"minecraft:killed_by":{"minecraft:player":1},"minecraft:custom":{"minecraft:jump":262,"minecraft:time_since_rest":7502,"minecraft:leave_game":1,"minecraft:sprint_one_cm":122,"minecraft:crouch_one_cm":39,"minecraft:walk_on_water_one_cm":784,"minecraft:deaths":1,"minecraft:play_time":12776,"minecraft:damage_taken":1620,"minecraft:time_since_death":7461,"minecraft:walk_one_cm":44383,"minecraft:sneak_time":287,"minecraft:climb_one_cm":96,"minecraft:total_world_time":12776,"minecraft:fall_one_cm":21249,"minecraft:fly_one_cm":11703}},"DataVersion":2730}