{"stats":{"minecraft:killed":{"minecraft:mooshroom":1},"minecraft:dropped":{"minecraft:redstone_torch":1,"minecraft:minecart":9,"minecraft:chest":3},"minecraft:picked_up":{"minecraft:arrow":1,"minecraft:oak_boat":1,"minecraft:redstone_torch":1,"minecraft:minecart":9,"minecraft:chest":3},"minecraft:used":{"minecraft:writable_book":8,"minecraft:bow":45,"minecraft:written_book":1,"minecraft:oak_boat":1},"minecraft:custom":{"minecraft:time_since_rest":112,"minecraft:open_chest":10,"minecraft:crouch_one_cm":3806,"minecraft:sprint_one_cm":43244,"minecraft:play_time":56751,"minecraft:damage_taken":16968,"minecraft:deaths":15,"minecraft:walk_one_cm":170777,"minecraft:sneak_time":1502,"minecraft:walk_under_water_one_cm":6143,"minecraft:mob_kills":1,"minecraft:drop":13,"minecraft:boat_one_cm":17603,"minecraft:interact_with_lectern":13,"minecraft:jump":611,"minecraft:minecart_one_cm":105129,"minecraft:damage_dealt":724,"minecraft:leave_game":3,"minecraft:time_since_death":79,"minecraft:walk_on_water_one_cm":6814,"minecraft:climb_one_cm":7420,"minecraft:total_world_time":56751,"minecraft:target_hit":9,"minecraft:fall_one_cm":184117,"minecraft:fly_one_cm":27807,"minecraft:player_kills":6}},"DataVersion":2730}