{"stats":{"minecraft:custom":{"minecraft:time_since_rest":667051,"minecraft:sprint_one_cm":205,"minecraft:damage_taken":2970,"minecraft:walk_one_cm":730743,"minecraft:drop":11,"minecraft:minecart_one_cm":343120,"minecraft:damage_dealt":20,"minecraft:fly_one_cm":1123189,"minecraft:target_hit":61,"minecraft:open_chest":34,"minecraft:crouch_one_cm":459,"minecraft:play_time":771599,"minecraft:deaths":2,"minecraft:sneak_time":6331,"minecraft:walk_under_water_one_cm":23025,"minecraft:boat_one_cm":55871,"minecraft:interact_with_lectern":186,"minecraft:jump":1388,"minecraft:leave_game":36,"minecraft:walk_on_water_one_cm":41156,"minecraft:time_since_death":667002,"minecraft:climb_one_cm":12769,"minecraft:total_world_time":674917,"minecraft:fall_one_cm":36427},"minecraft:used":{"minecraft:redstone_torch":7,"minecraft:emerald_ore":14,"minecraft:lever":10,"minecraft:blue_terracotta":3,"minecraft:writable_book":135,"minecraft:activator_rail":3,"minecraft:amethyst_block":6,"minecraft:acacia_sign":8,"minecraft:command_block":5,"minecraft:grass_block":29,"minecraft:powered_rail":2,"minecraft:oak_planks":23,"minecraft:light_blue_terracotta":1,"minecraft:lectern":32,"minecraft:chest":2,"minecraft:redstone_block":2,"minecraft:dark_oak_button":2,"minecraft:crimson_planks":4,"minecraft:soul_campfire":1,"minecraft:torch":23,"minecraft:glowstone":29,"minecraft:rail":3,"minecraft:target":8,"minecraft:bow":85,"minecraft:written_book":13,"minecraft:minecart":2,"minecraft:birch_sign":170,"minecraft:campfire":1,"minecraft:oak_boat":8,"minecraft:acacia_planks":2},"minecraft:dropped":{"minecraft:crimson_planks":1,"minecraft:lever":1,"minecraft:torch":1,"minecraft:minecart":1,"minecraft:birch_sign":1,"minecraft:writable_book":1,"minecraft:bow":3,"minecraft:grass_block":1,"minecraft:lectern":1},"minecraft:picked_up":{"minecraft:torch":1,"minecraft:crimson_planks":1,"minecraft:grass_block":1,"minecraft:arrow":6,"minecraft:bow":9,"minecraft:lever":1,"minecraft:writable_book":17,"minecraft:glowstone":1,"minecraft:birch_sign":2,"minecraft:redstone_torch":1,"minecraft:written_book":2,"minecraft:minecart":5,"minecraft:lectern":1,"minecraft:powered_rail":1,"minecraft:chest":20}},"DataVersion":2730}