{"stats":{"minecraft:killed_by":{"minecraft:player":5},"minecraft:dropped":{"minecraft:minecart":3},"minecraft:picked_up":{"minecraft:oak_boat":1,"minecraft:minecart":8,"minecraft:chest":1},"minecraft:used":{"minecraft:writable_book":4,"minecraft:bow":41,"minecraft:oak_boat":1},"minecraft:custom":{"minecraft:time_since_rest":208,"minecraft:open_chest":4,"minecraft:crouch_one_cm":1822,"minecraft:sprint_one_cm":2370,"minecraft:play_time":66896,"minecraft:damage_taken":17189,"minecraft:deaths":14,"minecraft:walk_one_cm":289617,"minecraft:sneak_time":2946,"minecraft:walk_under_water_one_cm":150,"minecraft:drop":3,"minecraft:boat_one_cm":17135,"minecraft:interact_with_lectern":18,"minecraft:jump":715,"minecraft:minecart_one_cm":74341,"minecraft:damage_dealt":493,"minecraft:leave_game":2,"minecraft:walk_on_water_one_cm":536,"minecraft:time_since_death":180,"minecraft:climb_one_cm":1624,"minecraft:total_world_time":66896,"minecraft:target_hit":4,"minecraft:fall_one_cm":169802,"minecraft:fly_one_cm":6094}},"DataVersion":2730}