{"stats":{"minecraft:dropped":{"minecraft:ender_pearl":1,"minecraft:command_block":1,"minecraft:grass_block":1,"minecraft:acacia_sign":1,"minecraft:repeater":1,"minecraft:writable_book":1,"minecraft:bone_meal":1,"minecraft:redstone":8,"minecraft:slime_block":1,"minecraft:stone":1,"minecraft:spruce_planks":1,"minecraft:written_book":1},"minecraft:picked_up":{"minecraft:redstone_block":1,"minecraft:ladder":1,"minecraft:string":2,"minecraft:sticky_piston":1,"minecraft:oak_sign":1,"minecraft:smooth_stone":4,"minecraft:detector_rail":4,"minecraft:acacia_sign":1,"minecraft:oak_boat":3,"minecraft:rose_bush":2,"minecraft:redstone_torch":4,"minecraft:written_book":1,"minecraft:minecart":12,"minecraft:chest":13,"minecraft:egg":3,"minecraft:stone":1,"minecraft:porkchop":2,"minecraft:redstone":25,"minecraft:arrow":8,"minecraft:command_block":1,"minecraft:mutton":1,"minecraft:rail":25,"minecraft:white_wool":1,"minecraft:repeater":2,"minecraft:paper":3,"minecraft:bow":8,"minecraft:wheat_seeds":2,"minecraft:powered_rail":9,"minecraft:ink_sac":7,"minecraft:grass_block":1,"minecraft:slime_block":1,"minecraft:polished_blackstone_button":4,"minecraft:soul_lantern":1,"minecraft:lever":17,"minecraft:writable_book":3,"minecraft:bone_meal":1,"minecraft:birch_sign":1,"minecraft:ender_pearl":2},"minecraft:used":{"minecraft:oak_fence":303,"minecraft:purpur_block":3,"minecraft:petrified_oak_slab":2,"minecraft:rose_bush":2,"minecraft:blue_terracotta":59,"minecraft:writable_book":78,"minecraft:crimson_fence":66,"minecraft:spruce_slab":3,"minecraft:dispenser":4,"minecraft:redstone":603,"minecraft:poppy":1,"minecraft:ladder":18,"minecraft:oak_sign":41,"minecraft:mycelium":1,"minecraft:light_blue_terracotta":18,"minecraft:spruce_planks":151,"minecraft:chest":4,"minecraft:tinted_glass":14,"minecraft:ender_chest":13,"minecraft:stone":244,"minecraft:warped_sign":5,"minecraft:grass":1,"minecraft:bee_spawn_egg":6,"minecraft:torch":16,"minecraft:mooshroom_spawn_egg":3,"minecraft:dirt":239,"minecraft:anvil":5,"minecraft:target":6,"minecraft:blue_stained_glass":6,"minecraft:brick_slab":11,"minecraft:jungle_planks":1,"minecraft:yellow_carpet":88,"minecraft:bee_nest":3,"minecraft:furnace_minecart":3,"minecraft:acacia_button":2,"minecraft:beehive":1,"minecraft:spruce_fence":54,"minecraft:light_blue_stained_glass":26,"minecraft:oak_fence_gate":1,"minecraft:milk_bucket":1,"minecraft:obsidian":50,"minecraft:purple_stained_glass_pane":3,"minecraft:glass":115,"minecraft:dark_oak_planks":138,"minecraft:stone_brick_slab":1,"minecraft:crimson_button":2,"minecraft:packed_ice":5,"minecraft:honey_block":3,"minecraft:sea_lantern":13,"minecraft:lava_bucket":17,"minecraft:bricks":32,"minecraft:bookshelf":25,"minecraft:light_gray_stained_glass":1,"minecraft:light_weighted_pressure_plate":5,"minecraft:grass_block":149,"minecraft:oak_stairs":7,"minecraft:slime_block":94,"minecraft:polished_andesite_stairs":4,"minecraft:crimson_slab":9,"minecraft:chicken_spawn_egg":4,"minecraft:dark_oak_slab":1,"minecraft:dark_oak_button":4,"minecraft:crimson_planks":155,"minecraft:stone_brick_stairs":10,"minecraft:stone_bricks":226,"minecraft:item_frame":4,"minecraft:repeater":160,"minecraft:red_stained_glass_pane":18,"minecraft:birch_button":2,"minecraft:tripwire_hook":2,"minecraft:glowstone":1,"minecraft:honeycomb_block":1,"minecraft:redstone_lamp":26,"minecraft:magma_block":2,"minecraft:bow":65,"minecraft:written_book":22,"minecraft:dark_oak_pressure_plate":1,"minecraft:minecart":109,"minecraft:acacia_fence":4,"minecraft:stone_pressure_plate":1,"minecraft:green_stained_glass_pane":17,"minecraft:acacia_planks":172,"minecraft:observer":5,"minecraft:orange_terracotta":16,"minecraft:mossy_stone_brick_wall":86,"minecraft:water_bucket":8,"minecraft:mossy_stone_bricks":66,"minecraft:cow_spawn_egg":2,"minecraft:end_stone_bricks":2,"minecraft:amethyst_block":657,"minecraft:lodestone":1,"minecraft:red_stained_glass":33,"minecraft:powered_rail":92,"minecraft:oak_planks":136,"minecraft:ender_pearl":71,"minecraft:mossy_stone_brick_stairs":2,"minecraft:jungle_pressure_plate":1,"minecraft:redstone_block":17,"minecraft:spruce_sign":9,"minecraft:magenta_stained_glass":4,"minecraft:beacon":7,"minecraft:sheep_spawn_egg":3,"minecraft:green_bed":8,"minecraft:spruce_fence_gate":2,"minecraft:purpur_pillar":12,"minecraft:large_amethyst_bud":20,"minecraft:cracked_stone_bricks":49,"minecraft:oak_leaves":32,"minecraft:polished_blackstone_pressure_plate":11,"minecraft:diamond_block":38,"minecraft:rail":216,"minecraft:comparator":1,"minecraft:oak_slab":29,"minecraft:tnt":27,"minecraft:crafting_table":2,"minecraft:birch_sign":80,"minecraft:smooth_red_sandstone":14,"minecraft:blue_ice":6,"minecraft:light_gray_concrete_powder":1,"minecraft:dark_oak_fence_gate":1,"minecraft:stone_brick_wall":34,"minecraft:painting":7,"minecraft:infested_stone_bricks":28,"minecraft:cyan_stained_glass":1,"minecraft:oak_log":10,"minecraft:birch_fence":14,"minecraft:small_amethyst_bud":14,"minecraft:redstone_torch":122,"minecraft:purple_stained_glass":64,"minecraft:amethyst_cluster":16,"minecraft:sticky_piston":77,"minecraft:lever":137,"minecraft:activator_rail":2,"minecraft:cornflower":6,"minecraft:firework_rocket":2,"minecraft:acacia_sign":15,"minecraft:birch_slab":1,"minecraft:command_block":148,"minecraft:light_gray_concrete":63,"minecraft:heavy_weighted_pressure_plate":2,"minecraft:stone_button":11,"minecraft:string":5,"minecraft:oak_button":3,"minecraft:pig_spawn_egg":1,"minecraft:map":1,"minecraft:tnt_minecart":30,"minecraft:detector_rail":16,"minecraft:lectern":27,"minecraft:purpur_slab":2,"minecraft:oak_pressure_plate":4,"minecraft:iron_door":5,"minecraft:budding_amethyst":20,"minecraft:soul_lantern":36,"minecraft:crimson_sign":5,"minecraft:ocelot_spawn_egg":1,"minecraft:chiseled_stone_bricks":3,"minecraft:potion":1,"minecraft:end_crystal":2,"minecraft:dark_oak_fence":7,"minecraft:medium_amethyst_bud":19,"minecraft:polished_blackstone_button":39,"minecraft:chain":3,"minecraft:glass_pane":16,"minecraft:ice":5,"minecraft:smooth_stone_slab":17,"minecraft:oak_boat":13,"minecraft:chest_minecart":8,"minecraft:purple_carpet":21,"minecraft:dandelion":22,"minecraft:bone_meal":2,"minecraft:smooth_stone":134,"minecraft:splash_potion":7,"minecraft:soul_torch":24,"minecraft:green_stained_glass":15},"minecraft:custom":{"minecraft:inspect_dropper":6,"minecraft:interact_with_anvil":5,"minecraft:animals_bred":3,"minecraft:interact_with_crafting_table":2,"minecraft:leave_game":31,"minecraft:time_since_death":133914,"minecraft:climb_one_cm":20654,"minecraft:sprint_one_cm":26249,"minecraft:walk_one_cm":1795410,"minecraft:drop":19,"minecraft:target_hit":49,"minecraft:sneak_time":23350,"minecraft:play_time":1397803,"minecraft:deaths":1,"minecraft:walk_under_water_one_cm":29882,"minecraft:interact_with_lectern":96,"minecraft:boat_one_cm":79880,"minecraft:jump":2194,"minecraft:walk_on_water_one_cm":5425,"minecraft:total_world_time":749126,"minecraft:sleep_in_bed":2,"minecraft:time_since_rest":134170,"minecraft:open_enderchest":21,"minecraft:damage_taken":1680,"minecraft:minecart_one_cm":543917,"minecraft:interact_with_beacon":4,"minecraft:fly_one_cm":2841396,"minecraft:open_chest":61,"minecraft:crouch_one_cm":10022,"minecraft:aviate_one_cm":126854,"minecraft:fall_one_cm":24986,"minecraft:inspect_dispenser":11}},"DataVersion":2730}