{"stats":{"minecraft:picked_up":{"minecraft:brown_mushroom":2,"minecraft:red_mushroom":2,"minecraft:minecart":1,"minecraft:powered_rail":1,"minecraft:lava_bucket":1,"minecraft:stone_button":2,"minecraft:soul_torch":1,"minecraft:redstone":16,"minecraft:birch_sign":5,"minecraft:rail":1},"minecraft:crafted":{"minecraft:firework_star":384,"minecraft:firework_rocket":576},"minecraft:used":{"minecraft:oak_fence":63,"minecraft:mossy_stone_bricks":8,"minecraft:water_bucket":774,"minecraft:blue_terracotta":70,"minecraft:writable_book":8,"minecraft:crimson_fence":7,"minecraft:flint_and_steel":4,"minecraft:birch_planks":9,"minecraft:redstone":48,"minecraft:dispenser":3,"minecraft:powered_rail":11,"minecraft:oak_planks":119,"minecraft:oak_sign":25,"minecraft:light_blue_terracotta":78,"minecraft:mycelium":225,"minecraft:chest":1,"minecraft:brown_mushroom":12,"minecraft:redstone_block":2,"minecraft:warped_sign":5,"minecraft:soul_campfire":3,"minecraft:mooshroom_spawn_egg":4,"minecraft:polished_blackstone_pressure_plate":12,"minecraft:target":27,"minecraft:soul_sand":1,"minecraft:purpur_stairs":2,"minecraft:rail":198,"minecraft:tnt":17,"minecraft:crafting_table":1,"minecraft:red_mushroom":10,"minecraft:birch_sign":29,"minecraft:sponge":24,"minecraft:stone_brick_wall":48,"minecraft:light_blue_stained_glass":949,"minecraft:crimson_fence_gate":5,"minecraft:milk_bucket":1,"minecraft:obsidian":34,"minecraft:birch_fence":2,"minecraft:redstone_torch":13,"minecraft:oak_log":3,"minecraft:piston":7,"minecraft:lever":4,"minecraft:sea_lantern":143,"minecraft:lava_bucket":4,"minecraft:light_gray_stained_glass":46,"minecraft:acacia_sign":4,"minecraft:jungle_fence_gate":3,"minecraft:command_block":49,"minecraft:light_gray_concrete":1,"minecraft:light_weighted_pressure_plate":9,"minecraft:grass_block":115,"minecraft:stone_button":6,"minecraft:oak_button":3,"minecraft:warped_fence":49,"minecraft:polished_andesite_stairs":1,"minecraft:lectern":1,"minecraft:detector_rail":4,"minecraft:prismarine_wall":99,"minecraft:crimson_planks":2,"minecraft:prismarine_slab":17,"minecraft:stone_brick_stairs":11,"minecraft:stone_bricks":321,"minecraft:soul_lantern":4,"minecraft:crimson_sign":6,"minecraft:jungle_sign":1,"minecraft:glowstone":2,"minecraft:magma_block":1,"minecraft:bow":38,"minecraft:dark_oak_fence":75,"minecraft:white_stained_glass":227,"minecraft:bucket":157,"minecraft:minecart":21,"minecraft:oak_boat":10,"minecraft:stone_pressure_plate":3,"minecraft:bone_meal":4,"minecraft:smooth_stone":2306,"minecraft:soul_torch":3},"minecraft:custom":{"minecraft:mob_kills":2,"minecraft:interact_with_crafting_table":9,"minecraft:leave_game":10,"minecraft:time_since_death":399452,"minecraft:climb_one_cm":1144,"minecraft:time_since_rest":399452,"minecraft:sprint_one_cm":2814,"minecraft:walk_one_cm":208528,"minecraft:damage_dealt":90,"minecraft:minecart_one_cm":42704,"minecraft:target_hit":35,"minecraft:fly_one_cm":1293456,"minecraft:open_chest":4,"minecraft:crouch_one_cm":2242,"minecraft:play_time":311988,"minecraft:sneak_time":14186,"minecraft:walk_under_water_one_cm":37611,"minecraft:boat_one_cm":47061,"minecraft:interact_with_lectern":5,"minecraft:aviate_one_cm":34871,"minecraft:jump":373,"minecraft:walk_on_water_one_cm":40404,"minecraft:total_world_time":181022,"minecraft:inspect_dispenser":7}},"DataVersion":2730}