{
  "minecraft:recipes/transportation/acacia_boat": {
    "criteria": {
      "in_water": "2021-11-21 16:09:34 -0500"
    },
    "done": true
  },
  "minecraft:recipes/transportation/oak_boat": {
    "criteria": {
      "in_water": "2021-11-21 16:09:34 -0500"
    },
    "done": true
  },
  "minecraft:recipes/transportation/dark_oak_boat": {
    "criteria": {
      "in_water": "2021-11-21 16:09:34 -0500"
    },
    "done": true
  },
  "minecraft:adventure/root": {
    "criteria": {
      "killed_by_something": "2021-11-21 16:09:18 -0500"
    },
    "done": true
  },
  "minecraft:recipes/transportation/birch_boat": {
    "criteria": {
      "in_water": "2021-11-21 16:09:34 -0500"
    },
    "done": true
  },
  "minecraft:recipes/transportation/jungle_boat": {
    "criteria": {
      "in_water": "2021-11-21 16:09:34 -0500"
    },
    "done": true
  },
  "minecraft:recipes/transportation/spruce_boat": {
    "criteria": {
      "in_water": "2021-11-21 16:09:34 -0500"
    },
    "done": true
  },
  "minecraft:adventure/adventuring_time": {
    "criteria": {
      "minecraft:forest": "2021-11-21 16:04:54 -0500",
      "minecraft:wooded_hills": "2021-11-21 16:05:29 -0500"
    },
    "done": false
  },
  "DataVersion": 2730
}