{
  "minecraft:recipes/redstone/birch_door": {
    "criteria": {
      "has_planks": "2021-10-18 14:58:23 -0400"
    },
    "done": true
  },
  "minecraft:recipes/decorations/crafting_table": {
    "criteria": {
      "has_planks": "2021-10-18 14:58:23 -0400"
    },
    "done": true
  },
  "minecraft:recipes/decorations/light_blue_stained_glass_pane": {
    "criteria": {
      "has_glass": "2021-10-18 14:58:23 -0400"
    },
    "done": true
  },
  "minecraft:recipes/building_blocks/birch_stairs": {
    "criteria": {
      "has_planks": "2021-10-18 14:58:23 -0400"
    },
    "done": true
  },
  "minecraft:recipes/building_blocks/birch_slab": {
    "criteria": {
      "has_planks": "2021-10-18 14:58:23 -0400"
    },
    "done": true
  },
  "minecraft:story/lava_bucket": {
    "criteria": {
      "lava_bucket": "2021-10-18 14:58:23 -0400"
    },
    "done": true
  },
  "minecraft:recipes/decorations/blast_furnace": {
    "criteria": {
      "has_smooth_stone": "2021-10-18 14:58:23 -0400"
    },
    "done": true
  },
  "minecraft:recipes/decorations/light_blue_glazed_terracotta": {
    "criteria": {
      "has_light_blue_terracotta": "2021-10-18 14:58:23 -0400"
    },
    "done": true
  },
  "minecraft:recipes/building_blocks/smooth_stone_slab": {
    "criteria": {
      "has_smooth_stone": "2021-10-18 14:58:23 -0400"
    },
    "done": true
  },
  "minecraft:recipes/redstone/birch_button": {
    "criteria": {
      "has_planks": "2021-10-18 14:58:23 -0400"
    },
    "done": true
  },
  "minecraft:recipes/decorations/barrel": {
    "criteria": {
      "has_planks": "2021-10-18 14:58:23 -0400"
    },
    "done": true
  },
  "minecraft:recipes/redstone/birch_fence_gate": {
    "criteria": {
      "has_planks": "2021-10-18 14:58:23 -0400"
    },
    "done": true
  },
  "minecraft:recipes/decorations/blue_glazed_terracotta": {
    "criteria": {
      "has_blue_terracotta": "2021-10-18 14:58:23 -0400"
    },
    "done": true
  },
  "minecraft:recipes/redstone/birch_trapdoor": {
    "criteria": {
      "has_planks": "2021-10-18 14:58:23 -0400"
    },
    "done": true
  },
  "minecraft:recipes/decorations/birch_sign": {
    "criteria": {
      "has_birch_planks": "2021-10-18 14:58:23 -0400"
    },
    "done": true
  },
  "minecraft:recipes/decorations/birch_fence": {
    "criteria": {
      "has_planks": "2021-10-18 14:58:23 -0400"
    },
    "done": true
  },
  "minecraft:recipes/misc/stick": {
    "criteria": {
      "has_planks": "2021-10-18 14:58:23 -0400"
    },
    "done": true
  },
  "minecraft:recipes/decorations/light_gray_stained_glass_pane": {
    "criteria": {
      "has_glass": "2021-10-18 14:58:23 -0400"
    },
    "done": true
  },
  "minecraft:recipes/brewing/cauldron": {
    "criteria": {
      "has_water_bucket": "2021-10-18 14:58:23 -0400"
    },
    "done": true
  },
  "minecraft:adventure/adventuring_time": {
    "criteria": {
      "minecraft:forest": "2021-10-18 14:58:34 -0400",
      "minecraft:wooded_hills": "2021-10-18 14:58:23 -0400"
    },
    "done": false
  },
  "minecraft:recipes/redstone/birch_pressure_plate": {
    "criteria": {
      "has_planks": "2021-10-18 14:58:23 -0400"
    },
    "done": true
  },
  "minecraft:recipes/building_blocks/smooth_stone_slab_from_smooth_stone_stonecutting": {
    "criteria": {
      "has_smooth_stone": "2021-10-18 14:58:23 -0400"
    },
    "done": true
  },
  "DataVersion": 2586
}