{
  "minecraft:recipes/transportation/rail": {
    "criteria": {
      "has_minecart": "2021-11-21 15:35:06 -0500"
    },
    "done": true
  },
  "minecraft:recipes/redstone/dispenser": {
    "criteria": {
      "has_bow": "2021-11-21 15:33:33 -0500"
    },
    "done": true
  },
  "minecraft:nether/create_beacon": {
    "criteria": {
      "beacon": "2021-11-21 16:01:23 -0500"
    },
    "done": true
  },
  "minecraft:recipes/transportation/dark_oak_boat": {
    "criteria": {
      "in_water": "2021-11-21 15:36:23 -0500"
    },
    "done": true
  },
  "minecraft:recipes/transportation/hopper_minecart": {
    "criteria": {
      "has_minecart": "2021-11-21 15:35:06 -0500"
    },
    "done": true
  },
  "minecraft:recipes/transportation/birch_boat": {
    "criteria": {
      "in_water": "2021-11-21 15:36:23 -0500"
    },
    "done": true
  },
  "minecraft:recipes/transportation/acacia_boat": {
    "criteria": {
      "in_water": "2021-11-21 15:36:23 -0500"
    },
    "done": true
  },
  "minecraft:recipes/transportation/oak_boat": {
    "criteria": {
      "in_water": "2021-11-21 15:36:23 -0500"
    },
    "done": true
  },
  "minecraft:recipes/transportation/tnt_minecart": {
    "criteria": {
      "has_minecart": "2021-11-21 15:35:06 -0500"
    },
    "done": true
  },
  "minecraft:recipes/transportation/furnace_minecart": {
    "criteria": {
      "has_minecart": "2021-11-21 15:35:06 -0500"
    },
    "done": true
  },
  "minecraft:adventure/root": {
    "criteria": {
      "killed_by_something": "2021-11-21 16:09:02 -0500"
    },
    "done": true
  },
  "minecraft:recipes/transportation/jungle_boat": {
    "criteria": {
      "in_water": "2021-11-21 15:36:23 -0500"
    },
    "done": true
  },
  "minecraft:recipes/transportation/spruce_boat": {
    "criteria": {
      "in_water": "2021-11-21 15:36:23 -0500"
    },
    "done": true
  },
  "minecraft:adventure/shoot_arrow": {
    "criteria": {
      "shot_arrow": "2021-11-21 16:12:13 -0500"
    },
    "done": true
  },
  "minecraft:adventure/adventuring_time": {
    "criteria": {
      "minecraft:forest": "2021-11-21 15:19:26 -0500",
      "minecraft:wooded_hills": "2021-11-21 15:20:10 -0500"
    },
    "done": false
  },
  "minecraft:recipes/transportation/chest_minecart": {
    "criteria": {
      "has_minecart": "2021-11-21 15:35:06 -0500"
    },
    "done": true
  },
  "DataVersion": 2730
}