{
  "minecraft:recipes/decorations/blue_candle": {
    "criteria": {
      "has_blue_dye": "2021-11-16 13:19:08 -0500"
    },
    "done": true
  },
  "minecraft:recipes/misc/pink_dye_from_red_white_dye": {
    "criteria": {
      "has_red_dye": "2021-11-16 13:17:59 -0500"
    },
    "done": true
  },
  "minecraft:recipes/decorations/mossy_stone_brick_wall_from_mossy_stone_brick_stonecutting": {
    "criteria": {
      "has_mossy_stone_bricks": "2021-10-12 10:11:19 -0400"
    },
    "done": true
  },
  "minecraft:recipes/redstone/lever": {
    "criteria": {
      "has_cobblestone": "2021-10-12 10:11:25 -0400"
    },
    "done": true
  },
  "minecraft:recipes/building_blocks/cobblestone_stairs_from_cobblestone_stonecutting": {
    "criteria": {
      "has_cobblestone": "2021-10-12 10:11:25 -0400"
    },
    "done": true
  },
  "minecraft:recipes/building_blocks/magenta_concrete_powder": {
    "criteria": {
      "has_sand": "2021-10-25 15:21:03 -0400"
    },
    "done": true
  },
  "minecraft:recipes/misc/cyan_dye": {
    "criteria": {
      "has_blue_dye": "2021-11-16 13:19:08 -0500"
    },
    "done": true
  },
  "minecraft:recipes/building_blocks/lime_concrete_powder": {
    "criteria": {
      "has_sand": "2021-10-25 15:21:03 -0400"
    },
    "done": true
  },
  "minecraft:recipes/decorations/yellow_stained_glass_pane_from_glass_pane": {
    "criteria": {
      "has_yellow_dye": "2021-11-16 13:18:07 -0500"
    },
    "done": true
  },
  "minecraft:recipes/transportation/furnace_minecart": {
    "criteria": {
      "has_minecart": "2021-10-12 10:10:15 -0400"
    },
    "done": true
  },
  "minecraft:recipes/building_blocks/chiseled_stone_bricks": {
    "criteria": {
      "has_tag": "2021-11-16 11:45:42 -0500"
    },
    "done": true
  },
  "minecraft:recipes/tools/diamond_axe": {
    "criteria": {
      "has_diamond": "2021-11-16 13:18:03 -0500"
    },
    "done": true
  },
  "minecraft:recipes/building_blocks/stone_brick_slab_from_stone_bricks_stonecutting": {
    "criteria": {
      "has_stone_bricks": "2021-10-12 10:11:17 -0400"
    },
    "done": true
  },
  "minecraft:recipes/decorations/stone_brick_wall_from_stone_bricks_stonecutting": {
    "criteria": {
      "has_stone_bricks": "2021-10-12 10:11:17 -0400"
    },
    "done": true
  },
  "minecraft:recipes/building_blocks/yellow_concrete_powder": {
    "criteria": {
      "has_sand": "2021-10-25 15:21:03 -0400"
    },
    "done": true
  },
  "minecraft:recipes/redstone/birch_pressure_plate": {
    "criteria": {
      "has_planks": "2021-10-18 11:32:06 -0400"
    },
    "done": true
  },
  "minecraft:recipes/decorations/light_blue_stained_glass_pane": {
    "criteria": {
      "has_glass": "2021-10-12 10:56:15 -0400"
    },
    "done": true
  },
  "minecraft:recipes/decorations/crafting_table": {
    "criteria": {
      "has_planks": "2021-10-18 11:32:06 -0400"
    },
    "done": true
  },
  "minecraft:recipes/redstone/redstone": {
    "criteria": {
      "has_redstone_block": "2021-11-16 13:53:35 -0500"
    },
    "done": true
  },
  "minecraft:recipes/building_blocks/chiseled_stone_bricks_from_stone_bricks_stonecutting": {
    "criteria": {
      "has_stone_bricks": "2021-10-12 10:11:17 -0400"
    },
    "done": true
  },
  "minecraft:nether/create_beacon": {
    "criteria": {
      "beacon": "2021-11-16 11:41:47 -0500"
    },
    "done": true
  },
  "minecraft:recipes/decorations/blast_furnace": {
    "criteria": {
      "has_smooth_stone": "2021-10-18 11:44:11 -0400"
    },
    "done": true
  },
  "minecraft:recipes/building_blocks/crimson_slab": {
    "criteria": {
      "has_planks": "2021-10-25 15:50:02 -0400"
    },
    "done": true
  },
  "minecraft:recipes/transportation/hopper_minecart": {
    "criteria": {
      "has_minecart": "2021-10-12 10:10:15 -0400"
    },
    "done": true
  },
  "minecraft:recipes/decorations/chest": {
    "criteria": {
      "has_lots_of_items": "2021-10-12 10:25:11 -0400"
    },
    "done": true
  },
  "minecraft:recipes/building_blocks/brown_concrete_powder": {
    "criteria": {
      "has_sand": "2021-10-25 15:21:03 -0400"
    },
    "done": true
  },
  "minecraft:end/elytra": {
    "criteria": {
      "elytra": "2021-11-01 15:26:22 -0400"
    },
    "done": true
  },
  "minecraft:recipes/redstone/birch_button": {
    "criteria": {
      "has_planks": "2021-10-18 11:32:06 -0400"
    },
    "done": true
  },
  "minecraft:recipes/building_blocks/crimson_stairs": {
    "criteria": {
      "has_planks": "2021-10-25 15:50:02 -0400"
    },
    "done": true
  },
  "minecraft:recipes/redstone/crimson_fence_gate": {
    "criteria": {
      "has_planks": "2021-10-25 15:50:02 -0400"
    },
    "done": true
  },
  "minecraft:recipes/decorations/blue_glazed_terracotta": {
    "criteria": {
      "has_blue_terracotta": "2021-10-12 10:49:38 -0400"
    },
    "done": true
  },
  "minecraft:recipes/decorations/blue_stained_glass_pane_from_glass_pane": {
    "criteria": {
      "has_blue_dye": "2021-11-16 13:19:08 -0500"
    },
    "done": true
  },
  "minecraft:recipes/combat/diamond_sword": {
    "criteria": {
      "has_diamond": "2021-11-16 13:18:03 -0500"
    },
    "done": true
  },
  "minecraft:recipes/misc/white_dye": {
    "criteria": {
      "has_bone_meal": "2021-10-25 15:24:26 -0400"
    },
    "done": true
  },
  "minecraft:recipes/decorations/magenta_candle": {
    "criteria": {
      "has_magenta_dye": "2021-11-16 13:23:07 -0500"
    },
    "done": true
  },
  "minecraft:recipes/decorations/red_carpet_from_white_carpet": {
    "criteria": {
      "has_red_dye": "2021-11-16 13:17:59 -0500"
    },
    "done": true
  },
  "minecraft:recipes/misc/stick": {
    "criteria": {
      "has_planks": "2021-10-18 11:32:06 -0400"
    },
    "done": true
  },
  "minecraft:recipes/redstone/crimson_pressure_plate": {
    "criteria": {
      "has_planks": "2021-10-25 15:50:02 -0400"
    },
    "done": true
  },
  "minecraft:recipes/redstone/redstone_lamp": {
    "criteria": {
      "has_glowstone": "2021-10-25 15:55:08 -0400"
    },
    "done": true
  },
  "minecraft:recipes/transportation/spruce_boat": {
    "criteria": {
      "in_water": "2021-10-18 11:51:46 -0400"
    },
    "done": true
  },
  "minecraft:recipes/decorations/jukebox": {
    "criteria": {
      "has_diamond": "2021-11-16 13:18:03 -0500"
    },
    "done": true
  },
  "minecraft:recipes/building_blocks/cracked_stone_bricks": {
    "criteria": {
      "has_stone_bricks": "2021-10-12 10:11:17 -0400"
    },
    "done": true
  },
  "minecraft:recipes/tools/flint_and_steel": {
    "criteria": {
      "has_obsidian": "2021-10-25 15:16:21 -0400"
    },
    "done": true
  },
  "minecraft:recipes/tools/stone_shovel": {
    "criteria": {
      "has_cobblestone": "2021-10-12 10:11:25 -0400"
    },
    "done": true
  },
  "minecraft:recipes/misc/firework_rocket_simple": {
    "criteria": {
      "has_gunpowder": "2021-11-16 13:17:34 -0500"
    },
    "done": true
  },
  "minecraft:recipes/redstone/dispenser": {
    "criteria": {
      "has_bow": "2021-10-12 10:32:26 -0400"
    },
    "done": true
  },
  "minecraft:recipes/decorations/crimson_fence": {
    "criteria": {
      "has_planks": "2021-10-25 15:50:02 -0400"
    },
    "done": true
  },
  "minecraft:recipes/building_blocks/oak_planks": {
    "criteria": {
      "has_logs": "2021-11-16 13:59:40 -0500"
    },
    "done": true
  },
  "minecraft:recipes/building_blocks/blue_concrete_powder": {
    "criteria": {
      "has_sand": "2021-10-25 15:21:03 -0400"
    },
    "done": true
  },
  "minecraft:recipes/building_blocks/gray_concrete_powder": {
    "criteria": {
      "has_sand": "2021-10-25 15:21:03 -0400"
    },
    "done": true
  },
  "minecraft:recipes/decorations/light_blue_glazed_terracotta": {
    "criteria": {
      "has_light_blue_terracotta": "2021-10-12 10:49:36 -0400"
    },
    "done": true
  },
  "minecraft:recipes/decorations/lime_candle": {
    "criteria": {
      "has_lime_dye": "2021-11-16 13:24:18 -0500"
    },
    "done": true
  },
  "minecraft:recipes/food/mushroom_stew": {
    "criteria": {
      "has_red_mushroom": "2021-10-25 15:24:22 -0400"
    },
    "done": true
  },
  "minecraft:recipes/transportation/detector_rail": {
    "criteria": {
      "has_rail": "2021-10-12 10:10:35 -0400"
    },
    "done": true
  },
  "minecraft:recipes/building_blocks/glowstone": {
    "criteria": {
      "has_glowstone_dust": "2021-11-16 13:18:55 -0500"
    },
    "done": true
  },
  "minecraft:recipes/building_blocks/cobblestone_slab": {
    "criteria": {
      "has_cobblestone": "2021-10-12 10:11:25 -0400"
    },
    "done": true
  },
  "minecraft:recipes/redstone/oak_pressure_plate": {
    "criteria": {
      "has_planks": "2021-10-25 15:46:55 -0400"
    },
    "done": true
  },
  "minecraft:recipes/building_blocks/cobblestone_stairs": {
    "criteria": {
      "has_cobblestone": "2021-10-12 10:11:25 -0400"
    },
    "done": true
  },
  "minecraft:recipes/food/dried_kelp_from_smoking": {
    "criteria": {
      "has_kelp": "2021-10-25 15:14:48 -0400"
    },
    "done": true
  },
  "minecraft:recipes/building_blocks/stone_brick_stairs_from_stone_bricks_stonecutting": {
    "criteria": {
      "has_stone_bricks": "2021-10-12 10:11:17 -0400"
    },
    "done": true
  },
  "minecraft:recipes/building_blocks/birch_slab": {
    "criteria": {
      "has_planks": "2021-10-18 11:32:06 -0400"
    },
    "done": true
  },
  "minecraft:recipes/building_blocks/black_concrete_powder": {
    "criteria": {
      "has_sand": "2021-10-25 15:21:03 -0400"
    },
    "done": true
  },
  "minecraft:recipes/building_blocks/mossy_stone_brick_stairs_from_mossy_stone_brick_stonecutting": {
    "criteria": {
      "has_mossy_stone_bricks": "2021-10-12 10:11:19 -0400"
    },
    "done": true
  },
  "minecraft:recipes/decorations/cartography_table": {
    "criteria": {
      "has_paper": "2021-11-16 13:21:28 -0500"
    },
    "done": true
  },
  "minecraft:recipes/redstone/note_block": {
    "criteria": {
      "has_redstone": "2021-10-12 10:18:08 -0400"
    },
    "done": true
  },
  "minecraft:recipes/building_blocks/oak_wood": {
    "criteria": {
      "has_log": "2021-11-16 13:59:40 -0500"
    },
    "done": true
  },
  "minecraft:recipes/redstone/birch_fence_gate": {
    "criteria": {
      "has_planks": "2021-10-18 11:32:06 -0400"
    },
    "done": true
  },
  "minecraft:story/root": {
    "criteria": {
      "crafting_table": "2021-11-16 13:19:15 -0500"
    },
    "done": true
  },
  "minecraft:recipes/redstone/dropper": {
    "criteria": {
      "has_redstone": "2021-10-12 10:18:08 -0400"
    },
    "done": true
  },
  "minecraft:recipes/building_blocks/light_gray_concrete_powder": {
    "criteria": {
      "has_sand": "2021-10-25 15:21:03 -0400"
    },
    "done": true
  },
  "minecraft:recipes/building_blocks/light_blue_concrete_powder": {
    "criteria": {
      "has_sand": "2021-10-25 15:21:03 -0400"
    },
    "done": true
  },
  "minecraft:recipes/redstone/oak_trapdoor": {
    "criteria": {
      "has_planks": "2021-10-25 15:46:55 -0400"
    },
    "done": true
  },
  "minecraft:story/form_obsidian": {
    "criteria": {
      "obsidian": "2021-10-25 15:16:21 -0400"
    },
    "done": true
  },
  "minecraft:recipes/building_blocks/glass": {
    "criteria": {
      "has_sand": "2021-10-25 15:21:03 -0400"
    },
    "done": true
  },
  "minecraft:recipes/building_blocks/pink_concrete_powder": {
    "criteria": {
      "has_sand": "2021-10-25 15:21:03 -0400"
    },
    "done": true
  },
  "minecraft:recipes/building_blocks/red_concrete_powder": {
    "criteria": {
      "has_sand": "2021-10-25 15:21:03 -0400"
    },
    "done": true
  },
  "minecraft:recipes/misc/magenta_dye_from_blue_red_white_dye": {
    "criteria": {
      "has_rose_red": "2021-11-16 13:17:59 -0500"
    },
    "done": true
  },
  "minecraft:recipes/redstone/oak_fence_gate": {
    "criteria": {
      "has_planks": "2021-10-25 15:46:55 -0400"
    },
    "done": true
  },
  "minecraft:recipes/redstone/tnt": {
    "criteria": {
      "has_gunpowder": "2021-11-16 13:17:34 -0500"
    },
    "done": true
  },
  "minecraft:recipes/decorations/light_blue_candle": {
    "criteria": {
      "has_light_blue_dye": "2021-11-16 13:18:58 -0500"
    },
    "done": true
  },
  "minecraft:recipes/redstone/repeater": {
    "criteria": {
      "has_redstone_torch": "2021-10-03 14:54:45 -0400"
    },
    "done": true
  },
  "minecraft:recipes/tools/compass": {
    "criteria": {
      "has_redstone": "2021-10-12 10:18:08 -0400"
    },
    "done": true
  },
  "minecraft:recipes/building_blocks/purple_concrete_powder": {
    "criteria": {
      "has_sand": "2021-10-25 15:21:03 -0400"
    },
    "done": true
  },
  "minecraft:recipes/building_blocks/smooth_stone_slab": {
    "criteria": {
      "has_smooth_stone": "2021-10-18 11:44:11 -0400"
    },
    "done": true
  },
  "minecraft:adventure/kill_a_mob": {
    "criteria": {
      "minecraft:creeper": "2021-10-25 15:56:54 -0400"
    },
    "done": true
  },
  "minecraft:recipes/redstone/oak_button": {
    "criteria": {
      "has_planks": "2021-10-25 15:46:55 -0400"
    },
    "done": true
  },
  "minecraft:recipes/redstone/crimson_button": {
    "criteria": {
      "has_planks": "2021-10-25 15:50:02 -0400"
    },
    "done": true
  },
  "minecraft:recipes/misc/magenta_dye_from_blue_red_pink": {
    "criteria": {
      "has_red_dye": "2021-11-16 13:17:59 -0500"
    },
    "done": true
  },
  "minecraft:recipes/decorations/yellow_candle": {
    "criteria": {
      "has_yellow_dye": "2021-11-16 13:18:07 -0500"
    },
    "done": true
  },
  "minecraft:recipes/misc/magenta_dye_from_purple_and_pink": {
    "criteria": {
      "has_pink_dye": "2021-11-16 13:18:15 -0500"
    },
    "done": true
  },
  "minecraft:recipes/decorations/mossy_stone_brick_wall": {
    "criteria": {
      "has_mossy_stone_bricks": "2021-10-12 10:11:19 -0400"
    },
    "done": true
  },
  "minecraft:recipes/combat/diamond_chestplate": {
    "criteria": {
      "has_diamond": "2021-11-16 13:18:03 -0500"
    },
    "done": true
  },
  "minecraft:recipes/decorations/blue_carpet_from_white_carpet": {
    "criteria": {
      "has_blue_dye": "2021-11-16 13:19:08 -0500"
    },
    "done": true
  },
  "minecraft:recipes/building_blocks/stone": {
    "criteria": {
      "has_cobblestone": "2021-10-12 10:11:25 -0400"
    },
    "done": true
  },
  "minecraft:story/mine_stone": {
    "criteria": {
      "get_stone": "2021-10-12 10:11:25 -0400"
    },
    "done": true
  },
  "minecraft:recipes/redstone/target": {
    "criteria": {
      "has_redstone": "2021-10-12 10:18:08 -0400"
    },
    "done": true
  },
  "minecraft:recipes/decorations/furnace": {
    "criteria": {
      "has_cobblestone": "2021-10-12 10:11:25 -0400"
    },
    "done": true
  },
  "minecraft:recipes/building_blocks/mossy_stone_brick_slab_from_mossy_stone_brick_stonecutting": {
    "criteria": {
      "has_mossy_stone_bricks": "2021-10-12 10:11:19 -0400"
    },
    "done": true
  },
  "minecraft:recipes/brewing/cauldron": {
    "criteria": {
      "has_water_bucket": "2021-10-18 11:51:14 -0400"
    },
    "done": true
  },
  "minecraft:adventure/adventuring_time": {
    "criteria": {
      "minecraft:forest": "2021-10-03 14:54:46 -0400",
      "minecraft:taiga": "2021-11-16 11:38:06 -0500",
      "minecraft:giant_tree_taiga": "2021-11-01 15:26:41 -0400",
      "minecraft:taiga_hills": "2021-11-16 11:38:39 -0500",
      "minecraft:river": "2021-11-01 15:26:39 -0400",
      "minecraft:wooded_hills": "2021-10-03 14:55:42 -0400",
      "minecraft:giant_tree_taiga_hills": "2021-11-01 15:26:43 -0400",
      "minecraft:plains": "2021-11-16 11:38:07 -0500"
    },
    "done": false
  },
  "minecraft:recipes/transportation/chest_minecart": {
    "criteria": {
      "has_minecart": "2021-10-12 10:10:15 -0400"
    },
    "done": true
  },
  "minecraft:recipes/combat/diamond_leggings": {
    "criteria": {
      "has_diamond": "2021-11-16 13:18:03 -0500"
    },
    "done": true
  },
  "minecraft:recipes/building_blocks/sandstone": {
    "criteria": {
      "has_sand": "2021-10-25 15:21:03 -0400"
    },
    "done": true
  },
  "minecraft:recipes/misc/book": {
    "criteria": {
      "has_paper": "2021-11-16 13:21:28 -0500"
    },
    "done": true
  },
  "minecraft:recipes/misc/charcoal": {
    "criteria": {
      "has_log": "2021-11-16 13:59:40 -0500"
    },
    "done": true
  },
  "minecraft:recipes/redstone/crimson_door": {
    "criteria": {
      "has_planks": "2021-10-25 15:50:02 -0400"
    },
    "done": true
  },
  "minecraft:recipes/decorations/lime_stained_glass_pane_from_glass_pane": {
    "criteria": {
      "has_lime_dye": "2021-11-16 13:24:18 -0500"
    },
    "done": true
  },
  "minecraft:story/lava_bucket": {
    "criteria": {
      "lava_bucket": "2021-10-12 10:35:44 -0400"
    },
    "done": true
  },
  "minecraft:recipes/building_blocks/cobblestone_slab_from_cobblestone_stonecutting": {
    "criteria": {
      "has_cobblestone": "2021-10-12 10:11:25 -0400"
    },
    "done": true
  },
  "minecraft:recipes/building_blocks/mossy_stone_brick_stairs": {
    "criteria": {
      "has_mossy_stone_bricks": "2021-10-12 10:11:19 -0400"
    },
    "done": true
  },
  "minecraft:recipes/food/dried_kelp_from_smelting": {
    "criteria": {
      "has_kelp": "2021-10-25 15:14:48 -0400"
    },
    "done": true
  },
  "minecraft:recipes/building_blocks/stone_brick_slab": {
    "criteria": {
      "has_stone_bricks": "2021-10-12 10:11:17 -0400"
    },
    "done": true
  },
  "minecraft:recipes/redstone/redstone_torch": {
    "criteria": {
      "has_redstone": "2021-10-12 10:18:08 -0400"
    },
    "done": true
  },
  "minecraft:husbandry/root": {
    "criteria": {
      "consumed_item": "2021-11-16 13:09:54 -0500"
    },
    "done": true
  },
  "minecraft:recipes/transportation/birch_boat": {
    "criteria": {
      "in_water": "2021-10-18 11:51:46 -0400"
    },
    "done": true
  },
  "minecraft:recipes/combat/stone_sword": {
    "criteria": {
      "has_cobblestone": "2021-10-12 10:11:25 -0400"
    },
    "done": true
  },
  "minecraft:recipes/building_blocks/oak_stairs": {
    "criteria": {
      "has_planks": "2021-10-25 15:46:55 -0400"
    },
    "done": true
  },
  "minecraft:recipes/transportation/powered_rail": {
    "criteria": {
      "has_rail": "2021-10-12 10:10:35 -0400"
    },
    "done": true
  },
  "minecraft:recipes/decorations/cobblestone_wall": {
    "criteria": {
      "has_cobblestone": "2021-10-12 10:11:25 -0400"
    },
    "done": true
  },
  "minecraft:recipes/decorations/barrel": {
    "criteria": {
      "has_planks": "2021-10-18 11:32:06 -0400"
    },
    "done": true
  },
  "minecraft:recipes/building_blocks/mossy_stone_brick_slab": {
    "criteria": {
      "has_mossy_stone_bricks": "2021-10-12 10:11:19 -0400"
    },
    "done": true
  },
  "minecraft:recipes/decorations/enchanting_table": {
    "criteria": {
      "has_obsidian": "2021-10-25 15:16:21 -0400"
    },
    "done": true
  },
  "minecraft:recipes/building_blocks/green_concrete_powder": {
    "criteria": {
      "has_sand": "2021-10-25 15:21:03 -0400"
    },
    "done": true
  },
  "minecraft:recipes/transportation/acacia_boat": {
    "criteria": {
      "in_water": "2021-10-18 11:51:46 -0400"
    },
    "done": true
  },
  "minecraft:recipes/tools/stone_pickaxe": {
    "criteria": {
      "has_cobblestone": "2021-10-12 10:11:25 -0400"
    },
    "done": true
  },
  "minecraft:recipes/redstone/oak_door": {
    "criteria": {
      "has_planks": "2021-10-25 15:46:55 -0400"
    },
    "done": true
  },
  "minecraft:recipes/decorations/light_blue_carpet_from_white_carpet": {
    "criteria": {
      "has_light_blue_dye": "2021-11-16 13:18:58 -0500"
    },
    "done": true
  },
  "minecraft:adventure/root": {
    "criteria": {
      "killed_something": "2021-10-25 15:32:46 -0400"
    },
    "done": true
  },
  "minecraft:recipes/misc/purple_dye": {
    "criteria": {
      "has_red_dye": "2021-11-16 13:17:59 -0500"
    },
    "done": true
  },
  "minecraft:recipes/transportation/jungle_boat": {
    "criteria": {
      "in_water": "2021-10-18 11:51:46 -0400"
    },
    "done": true
  },
  "minecraft:recipes/misc/bowl": {
    "criteria": {
      "has_red_mushroom": "2021-10-25 15:24:22 -0400"
    },
    "done": true
  },
  "minecraft:recipes/decorations/cobblestone_wall_from_cobblestone_stonecutting": {
    "criteria": {
      "has_cobblestone": "2021-10-12 10:11:25 -0400"
    },
    "done": true
  },
  "minecraft:recipes/building_blocks/birch_stairs": {
    "criteria": {
      "has_planks": "2021-10-18 11:32:06 -0400"
    },
    "done": true
  },
  "minecraft:recipes/building_blocks/white_concrete_powder": {
    "criteria": {
      "has_sand": "2021-10-25 15:21:03 -0400"
    },
    "done": true
  },
  "minecraft:recipes/building_blocks/diamond_block": {
    "criteria": {
      "has_diamond": "2021-11-16 13:18:03 -0500"
    },
    "done": true
  },
  "minecraft:recipes/tools/stone_hoe": {
    "criteria": {
      "has_cobblestone": "2021-10-12 10:11:25 -0400"
    },
    "done": true
  },
  "minecraft:recipes/tools/clock": {
    "criteria": {
      "has_redstone": "2021-10-12 10:18:08 -0400"
    },
    "done": true
  },
  "minecraft:recipes/redstone/crimson_trapdoor": {
    "criteria": {
      "has_planks": "2021-10-25 15:50:02 -0400"
    },
    "done": true
  },
  "minecraft:recipes/transportation/dark_oak_boat": {
    "criteria": {
      "in_water": "2021-10-18 11:51:46 -0400"
    },
    "done": true
  },
  "minecraft:recipes/tools/diamond_pickaxe": {
    "criteria": {
      "has_diamond": "2021-11-16 13:18:03 -0500"
    },
    "done": true
  },
  "minecraft:recipes/tools/diamond_hoe": {
    "criteria": {
      "has_diamond": "2021-11-16 13:18:03 -0500"
    },
    "done": true
  },
  "minecraft:recipes/transportation/activator_rail": {
    "criteria": {
      "has_rail": "2021-10-12 10:10:35 -0400"
    },
    "done": true
  },
  "minecraft:recipes/combat/spectral_arrow": {
    "criteria": {
      "has_glowstone_dust": "2021-11-16 13:18:55 -0500"
    },
    "done": true
  },
  "minecraft:recipes/decorations/white_stained_glass_pane": {
    "criteria": {
      "has_glass": "2021-10-25 15:36:44 -0400"
    },
    "done": true
  },
  "minecraft:adventure/kill_all_mobs": {
    "criteria": {
      "minecraft:creeper": "2021-10-25 15:56:54 -0400"
    },
    "done": false
  },
  "minecraft:recipes/tools/diamond_shovel": {
    "criteria": {
      "has_diamond": "2021-11-16 13:18:03 -0500"
    },
    "done": true
  },
  "minecraft:recipes/food/dried_kelp_from_campfire_cooking": {
    "criteria": {
      "has_kelp": "2021-10-25 15:14:48 -0400"
    },
    "done": true
  },
  "minecraft:recipes/redstone/redstone_block": {
    "criteria": {
      "has_redstone": "2021-10-12 10:18:08 -0400"
    },
    "done": true
  },
  "minecraft:recipes/transportation/tnt_minecart": {
    "criteria": {
      "has_minecart": "2021-10-12 10:10:15 -0400"
    },
    "done": true
  },
  "minecraft:recipes/redstone/birch_trapdoor": {
    "criteria": {
      "has_planks": "2021-10-18 11:32:06 -0400"
    },
    "done": true
  },
  "minecraft:recipes/decorations/stone_brick_wall": {
    "criteria": {
      "has_stone_bricks": "2021-10-12 10:11:17 -0400"
    },
    "done": true
  },
  "minecraft:recipes/redstone/piston": {
    "criteria": {
      "has_redstone": "2021-10-12 10:18:08 -0400"
    },
    "done": true
  },
  "minecraft:recipes/decorations/lime_carpet_from_white_carpet": {
    "criteria": {
      "has_lime_dye": "2021-11-16 13:24:18 -0500"
    },
    "done": true
  },
  "minecraft:recipes/decorations/magenta_carpet_from_white_carpet": {
    "criteria": {
      "has_magenta_dye": "2021-11-16 13:23:07 -0500"
    },
    "done": true
  },
  "minecraft:recipes/decorations/pink_stained_glass_pane_from_glass_pane": {
    "criteria": {
      "has_pink_dye": "2021-11-16 13:18:15 -0500"
    },
    "done": true
  },
  "minecraft:recipes/redstone/birch_door": {
    "criteria": {
      "has_planks": "2021-10-18 11:32:06 -0400"
    },
    "done": true
  },
  "minecraft:recipes/transportation/rail": {
    "criteria": {
      "has_minecart": "2021-10-12 10:10:15 -0400"
    },
    "done": true
  },
  "minecraft:recipes/decorations/yellow_carpet_from_white_carpet": {
    "criteria": {
      "has_yellow_dye": "2021-11-16 13:18:07 -0500"
    },
    "done": true
  },
  "minecraft:recipes/decorations/red_candle": {
    "criteria": {
      "has_red_dye": "2021-11-16 13:17:59 -0500"
    },
    "done": true
  },
  "minecraft:recipes/decorations/pink_candle": {
    "criteria": {
      "has_pink_dye": "2021-11-16 13:18:15 -0500"
    },
    "done": true
  },
  "minecraft:recipes/combat/diamond_boots": {
    "criteria": {
      "has_diamond": "2021-11-16 13:18:03 -0500"
    },
    "done": true
  },
  "minecraft:story/mine_diamond": {
    "criteria": {
      "diamond": "2021-11-16 13:18:03 -0500"
    },
    "done": true
  },
  "minecraft:recipes/misc/light_blue_dye_from_blue_white_dye": {
    "criteria": {
      "has_blue_dye": "2021-11-16 13:19:08 -0500"
    },
    "done": true
  },
  "minecraft:recipes/combat/diamond_helmet": {
    "criteria": {
      "has_diamond": "2021-11-16 13:18:03 -0500"
    },
    "done": true
  },
  "minecraft:recipes/decorations/light_blue_stained_glass_pane_from_glass_pane": {
    "criteria": {
      "has_light_blue_dye": "2021-11-16 13:18:58 -0500"
    },
    "done": true
  },
  "minecraft:recipes/decorations/soul_lantern": {
    "criteria": {
      "has_soul_torch": "2021-10-12 10:11:09 -0400"
    },
    "done": true
  },
  "minecraft:recipes/decorations/oak_fence": {
    "criteria": {
      "has_planks": "2021-10-25 15:46:55 -0400"
    },
    "done": true
  },
  "minecraft:recipes/decorations/red_stained_glass_pane_from_glass_pane": {
    "criteria": {
      "has_red_dye": "2021-11-16 13:17:59 -0500"
    },
    "done": true
  },
  "minecraft:recipes/transportation/oak_boat": {
    "criteria": {
      "in_water": "2021-10-18 11:51:46 -0400"
    },
    "done": true
  },
  "minecraft:recipes/decorations/soul_campfire": {
    "criteria": {
      "has_soul_sand": "2021-10-25 15:15:58 -0400"
    },
    "done": true
  },
  "minecraft:recipes/misc/orange_dye_from_red_yellow": {
    "criteria": {
      "has_red_dye": "2021-11-16 13:17:59 -0500"
    },
    "done": true
  },
  "minecraft:recipes/decorations/pink_carpet_from_white_carpet": {
    "criteria": {
      "has_pink_dye": "2021-11-16 13:18:15 -0500"
    },
    "done": true
  },
  "minecraft:recipes/tools/stone_axe": {
    "criteria": {
      "has_cobblestone": "2021-10-12 10:11:25 -0400"
    },
    "done": true
  },
  "minecraft:recipes/decorations/birch_fence": {
    "criteria": {
      "has_planks": "2021-10-18 11:32:06 -0400"
    },
    "done": true
  },
  "minecraft:recipes/decorations/soul_torch": {
    "criteria": {
      "has_soul_sand": "2021-10-25 15:15:58 -0400"
    },
    "done": true
  },
  "minecraft:recipes/building_blocks/orange_concrete_powder": {
    "criteria": {
      "has_sand": "2021-10-25 15:21:03 -0400"
    },
    "done": true
  },
  "minecraft:recipes/building_blocks/oak_slab": {
    "criteria": {
      "has_planks": "2021-10-25 15:46:55 -0400"
    },
    "done": true
  },
  "minecraft:recipes/building_blocks/cyan_concrete_powder": {
    "criteria": {
      "has_sand": "2021-10-25 15:21:03 -0400"
    },
    "done": true
  },
  "minecraft:recipes/building_blocks/stone_brick_stairs": {
    "criteria": {
      "has_stone_bricks": "2021-10-12 10:11:17 -0400"
    },
    "done": true
  },
  "minecraft:recipes/decorations/light_gray_stained_glass_pane": {
    "criteria": {
      "has_glass": "2021-10-12 10:56:10 -0400"
    },
    "done": true
  },
  "minecraft:recipes/decorations/magenta_stained_glass_pane_from_glass_pane": {
    "criteria": {
      "has_magenta_dye": "2021-11-16 13:23:07 -0500"
    },
    "done": true
  },
  "minecraft:recipes/building_blocks/smooth_stone_slab_from_smooth_stone_stonecutting": {
    "criteria": {
      "has_smooth_stone": "2021-10-18 11:44:11 -0400"
    },
    "done": true
  },
  "DataVersion": 2730
}